Timestamp,Event,Instrument,Hit_Depth,Confidence
1765552470311,Hit,Kick,0,1.0
1765552471310,Hit,Boom,0,1.0
1765552472447,Hit,Boom,0,1.0
1765552472950,Hit,Boom,0,1.0
1765552473510,Hit,Boom,0,1.0
1765552474976,Hit,Boom,0,1.0
1765552475108,Hit,Boom,0,1.0
1765552475908,Hit,Boom,0,1.0
1765552476480,Hit,Kick,0,1.0
1765552476699,Hit,Kick,0,1.0
1765552477662,Hit,Kick,0,1.0
1765552477897,Hit,Kick,0,1.0
1765552480458,Hit,Kick,0,1.0
1765552482292,Hit,Kick,0,1.0
1765552484056,Hit,Kick,0,1.0
1765552486224,Hit,Boom,0,1.0
1765552486681,Hit,Boom,0,1.0
1765552487356,Hit,Kick,0,1.0
1765552487786,Hit,Kick,0,1.0
1765552488490,Hit,Kick,0,1.0
1765552489053,Hit,Kick,0,1.0
1765552500306,NoteOn,Piano_D,265.0,1.0
1765552500339,NoteOff,Piano_D,0,0
1765552500639,NoteOn,Piano_C,260.0,1.0
1765552500806,NoteOff,Piano_C,0,0
1765552501106,NoteOn,Piano_C,242.0,1.0
1765552501206,NoteOff,Piano_C,0,0
1765552501571,NoteOn,Piano_C,238.0,1.0
1765552502038,NoteOff,Piano_C,0,0
1765552502272,NoteOn,Piano_D,0.0,1.0
1765552502638,NoteOff,Piano_D,0,0
1765552502872,NoteOn,Piano_E,230.0,1.0
1765552503071,NoteOff,Piano_E,0,0
1765552503438,NoteOn,Piano_F,238.0,1.0
1765552503637,NoteOff,Piano_F,0,0
1765552503971,NoteOn,Piano_G,0.0,1.0
1765552504170,NoteOff,Piano_G,0,0
1765552504535,NoteOn,Piano_A,224.0,1.0
1765552504670,NoteOff,Piano_A,0,0
1765552504969,NoteOn,Piano_B,0.0,1.0
1765552505069,NoteOff,Piano_B,0,0
1765552506010,Hit,Tom,0,1.0
1765552506705,Hit,Boom,0,1.0
1765552507905,Hit,Kick,0,1.0
1765552508273,Hit,Boom,0,1.0
1765552509274,Hit,Kick,0,1.0
1765552510141,Hit,Boom,0,1.0
1765552511105,Hit,Boom,0,1.0
1765552511771,Hit,Tom,0,1.0
1765552516031,NoteOn,Piano_G,509.0,1.0
1765552516632,NoteOff,Piano_G,0,0
1765552517197,NoteOn,Piano_A,0.0,1.0
1765552517666,NoteOff,Piano_A,0,0
1765552518231,NoteOn,Piano_A,221.0,1.0
1765552518331,NoteOff,Piano_A,0,0
1765552518897,NoteOn,Piano_A,285.0,1.0
1765552519598,NoteOff,Piano_A,0,0
1765552519830,NoteOn,Piano_G,0.0,1.0
1765552519964,NoteOff,Piano_G,0,0
1765552520165,NoteOn,Piano_A,281.0,1.0
1765552520530,NoteOff,Piano_A,0,0
1765552520731,NoteOn,Piano_G,359.0,1.0
1765552520964,NoteOff,Piano_G,0,0
1765552521198,NoteOn,Piano_F,315.0,1.0
1765552521232,NoteOff,Piano_F,0,0
1765552521499,NoteOn,Piano_E,327.0,1.0
1765552521598,NoteOff,Piano_E,0,0
1765552521897,NoteOn,Piano_D,0.0,1.0
1765552522098,NoteOff,Piano_D,0,0
1765552522405,NoteOn,Piano_C,323.0,1.0
1765552522838,NoteOff,Piano_C,0,0
1765552523164,NoteOn,Piano_D,306.0,1.0
1765552523296,NoteOff,Piano_D,0,0
1765552523863,NoteOn,Piano_E,269.0,1.0
1765552524131,NoteOff,Piano_E,0,0
1765552524364,NoteOn,Piano_F,0.0,1.0
1765552524763,NoteOff,Piano_F,0,0
1765552544526,NoteOn,Piano_F,0.0,1.0
1765552545595,NoteOff,Piano_F,0,0
1765552546628,NoteOn,Piano_G,254.0,1.0
1765552547294,NoteOff,Piano_G,0,0
1765552548061,NoteOn,Piano_A,265.0,1.0
1765552548727,NoteOff,Piano_A,0,0
1765552553960,NoteOn,Piano_B,0.0,1.0
1765552553992,NoteOff,Piano_B,0,0
1765552559025,NoteOn,Piano_A,0.0,1.0
1765552559592,NoteOff,Piano_A,0,0
1765552560292,NoteOn,Piano_G,0.0,1.0
1765552560492,NoteOff,Piano_G,0,0
1765552561292,NoteOn,Piano_F,0.0,1.0
1765552561325,NoteOff,Piano_F,0,0
1765552564893,NoteOn,Piano_G,0.0,1.0
1765552564961,NoteOff,Piano_G,0,0
1765552575556,NoteOn,Piano_A,0.0,1.0
1765552575890,NoteOff,Piano_A,0,0
1765552576089,NoteOn,Piano_A,0.0,1.0
1765552576324,NoteOff,Piano_A,0,0
1765552576655,NoteOn,Piano_G,0.0,1.0
1765552576689,NoteOff,Piano_G,0,0
1765552578022,NoteOn,Piano_G,0.0,1.0
1765552578056,NoteOff,Piano_G,0,0
1765552582055,NoteOn,Piano_G,0.0,1.0
1765552582155,NoteOff,Piano_G,0,0
1765552582523,NoteOn,Piano_G,0.0,1.0
1765552582656,NoteOff,Piano_G,0,0
1765552583122,NoteOn,Piano_G,0.0,1.0
1765552583356,NoteOff,Piano_G,0,0
1765552589821,NoteOn,Piano_A,0.0,1.0
1765552590455,NoteOff,Piano_A,0,0
1765552591293,NoteOn,Piano_G,0.0,1.0
1765552591487,NoteOff,Piano_G,0,0
1765552592354,NoteOn,Piano_F,0.0,1.0
1765552592490,NoteOff,Piano_F,0,0
1765552619098,Hit,Boom,0,1.0
1765552619698,Hit,Boom,0,1.0
1765552623592,Hit,Boom,0,1.0
1765552624724,Hit,Boom,0,1.0
1765552626559,Hit,Kick,0,1.0
1765552626817,Hit,Kick,0,1.0
1765552627225,Hit,Kick,0,1.0
1765552628655,Hit,Kick,0,1.0
1765552638254,Hit,Boom,0,1.0
1765552638722,Hit,Boom,0,1.0
1765552663262,Hit,Boom,0,1.0
1765552663930,Hit,Boom,0,1.0
1765552664367,Hit,Boom,0,1.0
1765552664728,Hit,Boom,0,1.0
1765552665366,Hit,Boom,0,1.0
1765552665497,Hit,Boom,0,1.0
1765552665764,Hit,Boom,0,1.0
1765552667230,Hit,Boom,0,1.0
1765552667459,Hit,Boom,0,1.0
1765552667831,Hit,Boom,0,1.0
1765552668631,Hit,Boom,0,1.0
1765552674549,Hit,Kick,0,1.0
1765552675184,Hit,Boom,0,1.0
1765552676585,Hit,Kick,0,1.0
1765552678118,Hit,Kick,0,1.0
1765552679218,Hit,Kick,0,1.0
1765552680618,Hit,Boom,0,1.0
1765552681858,Hit,Boom,0,1.0
1765552682275,Hit,Boom,0,1.0
1765552683484,Hit,Kick,0,1.0
1765552684415,Hit,Kick,0,1.0
1765552685749,Hit,Kick,0,1.0
1765552688012,Hit,Kick,0,1.0
1765552688150,Hit,Kick,0,1.0
1765552688681,Hit,Kick,0,1.0
1765552688852,Hit,Kick,0,1.0
1765552689257,Hit,Boom,0,1.0
1765552689805,Hit,Boom,0,1.0
1765552690453,Hit,Boom,0,1.0
1765552691479,Hit,Boom,0,1.0
1765552692514,Hit,Boom,0,1.0
1765552711072,NoteOn,Piano_F,0.0,1.0
1765552711200,NoteOff,Piano_F,0,0
1765552711472,NoteOn,Piano_E,0.0,1.0
1765552711605,NoteOff,Piano_E,0,0
1765552712578,NoteOn,Piano_F,0.0,1.0
1765552713198,NoteOff,Piano_F,0,0
1765552713512,NoteOn,Piano_A,0.0,1.0
1765552713704,NoteOff,Piano_A,0,0
1765552713905,NoteOn,Piano_G,0.0,1.0
1765552714038,NoteOff,Piano_G,0,0
1765552716603,NoteOn,Piano_G,0.0,1.0
1765552716669,NoteOff,Piano_G,0,0
1765552716904,NoteOn,Piano_G,0.0,1.0
1765552717403,NoteOff,Piano_G,0,0
1765552718604,NoteOn,Piano_A,0.0,1.0
1765552718636,NoteOff,Piano_A,0,0
1765552718969,NoteOn,Piano_A,0.0,1.0
1765552719638,NoteOff,Piano_A,0,0
1765552720004,NoteOn,Piano_B,271.0,1.0
1765552720037,NoteOff,Piano_B,0,0
1765552720302,NoteOn,Piano_B,270.0,1.0
1765552720569,NoteOff,Piano_B,0,0
1765552721370,NoteOn,Piano_G,0.0,1.0
1765552721438,NoteOff,Piano_G,0,0
1765552722270,NoteOn,Piano_F,0.0,1.0
1765552722538,NoteOff,Piano_F,0,0
1765552723537,NoteOn,Piano_F,0.0,1.0
1765552723570,NoteOff,Piano_F,0,0
1765552723936,NoteOn,Piano_F,0.0,1.0
1765552724302,NoteOff,Piano_F,0,0
1765552724703,NoteOn,Piano_E,0.0,1.0
1765552725569,NoteOff,Piano_E,0,0
1765552726769,NoteOn,Piano_D,0.0,1.0
1765552727570,NoteOff,Piano_D,0,0
1765552728204,NoteOn,Piano_E,0.0,1.0
1765552728302,NoteOff,Piano_E,0,0
1765552728668,NoteOn,Piano_E,0.0,1.0
1765552729237,NoteOff,Piano_E,0,0
1765552729668,NoteOn,Piano_F,0.0,1.0
1765552730135,NoteOff,Piano_F,0,0
1765552731004,NoteOn,Piano_C,0.0,1.0
1765552731671,NoteOff,Piano_C,0,0
1765552733742,NoteOn,Piano_G,0.0,1.0
1765552733774,NoteOff,Piano_G,0,0
1765552734307,NoteOn,Piano_A,258.0,1.0
1765552734341,NoteOff,Piano_A,0,0
1765552736005,NoteOn,Piano_F,0.0,1.0
1765552736039,NoteOff,Piano_F,0,0
1765552736305,NoteOn,Piano_F,0.0,1.0
1765552736405,NoteOff,Piano_F,0,0
1765552736641,NoteOn,Piano_F,238.0,1.0
1765552736938,NoteOff,Piano_F,0,0
1765552737212,NoteOn,Piano_G,247.0,1.0
1765552737871,NoteOff,Piano_G,0,0
1765552738606,NoteOn,Piano_G,0.0,1.0
1765552738905,NoteOff,Piano_G,0,0
1765552741801,NoteOn,Piano_A,0.0,1.0
1765552741871,NoteOff,Piano_A,0,0
1765552742135,NoteOn,Piano_B,0.0,1.0
1765552742466,NoteOff,Piano_B,0,0
1765552742767,NoteOn,Piano_B,0.0,1.0
1765552743101,NoteOff,Piano_B,0,0
1765552743601,NoteOn,Piano_A,244.0,1.0
1765552743700,NoteOff,Piano_A,0,0
1765552743967,NoteOn,Piano_A,246.0,1.0
1765552744100,NoteOff,Piano_A,0,0
1765552746396,NoteOn,Piano_C,0.0,1.0
1765552746527,NoteOff,Piano_C,0,0
1765552747763,NoteOn,Piano_C,0.0,1.0
1765552748027,NoteOff,Piano_C,0,0
1765552748297,NoteOn,Piano_C,0.0,1.0
1765552748400,NoteOff,Piano_C,0,0
1765552748633,NoteOn,Piano_D,0.0,1.0
1765552748674,NoteOff,Piano_D,0,0
1765552750234,NoteOn,Piano_E,0.0,1.0
1765552750299,NoteOff,Piano_E,0,0
1765552751032,NoteOn,Piano_E,0.0,1.0
1765552751464,NoteOff,Piano_E,0,0
1765552751931,NoteOn,Piano_G,0.0,1.0
1765552752565,NoteOff,Piano_G,0,0
1765552752766,NoteOn,Piano_G,198.0,1.0
1765552753165,NoteOff,Piano_G,0,0
1765552754099,NoteOn,Piano_F,222.0,1.0
1765552754799,NoteOff,Piano_F,0,0
1765552765966,NoteOn,Piano_A,246.0,1.0
1765552767030,NoteOff,Piano_A,0,0
1765552767229,NoteOn,Piano_A,247.0,1.0
Timestamp,Event,Instrument,Hit_Depth,Confidence
1765553525637,NoteOn,Piano_B,245.0,1.0
1765553526136,NoteOff,Piano_B,0,0
1765553532369,NoteOn,Piano_B,242.0,1.0
1765553532499,NoteOff,Piano_B,0,0
1765553532968,NoteOn,Piano_B,250.0,1.0
1765553534271,NoteOff,Piano_B,0,0
1765553535010,NoteOn,Piano_A,291.0,1.0
1765553535537,NoteOff,Piano_A,0,0
1765553536145,NoteOn,Piano_G,0.0,1.0
1765553536430,NoteOff,Piano_G,0,0
1765553537003,NoteOn,Piano_F,313.0,1.0
1765553537603,NoteOff,Piano_F,0,0
1765553538160,NoteOn,Piano_F,364.0,1.0
1765553538406,NoteOff,Piano_F,0,0
1765553541620,NoteOn,Piano_B,258.0,1.0
1765553542122,NoteOff,Piano_B,0,0
1765553543054,NoteOn,Piano_B,258.0,1.0
1765553549172,Hit,Boom,0,1.0
1765553549913,Hit,Boom,0,1.0
1765553550438,Hit,Boom,0,1.0
1765553550940,Hit,Boom,0,1.0
1765553552572,Hit,Kick,0,1.0
1765553553073,Hit,Boom,0,1.0
1765553555141,Hit,Kick,0,1.0
1765553556506,Hit,Kick,0,1.0
1765553558874,Hit,Boom,0,1.0
1765553559504,Hit,Boom,0,1.0
1765553560141,Hit,Kick,0,1.0
1765553560703,Hit,Kick,0,1.0
1765553561237,Hit,Kick,0,1.0
1765553561771,Hit,Kick,0,1.0
1765553563303,Hit,Boom,0,1.0
1765553563503,Hit,Boom,0,1.0
1765553563772,Hit,Boom,0,1.0
1765553564071,Hit,Boom,0,1.0
1765553564739,Hit,Boom,0,1.0
1765553565672,Hit,Kick,0,1.0
1765553565904,Hit,Kick,0,1.0
1765553567872,Hit,Kick,0,1.0
1765553569405,Hit,Kick,0,1.0
1765553570835,Hit,Boom,0,1.0
1765553572071,Hit,Boom,0,1.0
1765553575172,NoteOff,Piano_B,0,0
1765553575362,NoteOn,Piano_B,252.0,1.0
1765553576931,NoteOff,Piano_B,0,0
1765553577431,NoteOn,Piano_B,250.0,1.0
Timestamp,Event,Instrument,Hit_Depth,Confidence
1765553747788,NoteOn,Piano_A,262.0,1.0
1765553759936,NoteOff,Piano_A,0,0
1765553760093,NoteOn,Piano_B,0.0,1.0
1765553760225,NoteOff,Piano_B,0,0
1765553760792,NoteOn,Piano_B,245.0,1.0
1765553760993,NoteOff,Piano_B,0,0
1765553761656,NoteOn,Piano_A,259.0,1.0
1765553762355,NoteOff,Piano_A,0,0
1765553765571,Hit,Tom,0,1.0
1765553766194,Hit,Boom,0,1.0
1765553766592,Hit,Tom,0,1.0
1765553767392,Hit,Boom,0,1.0
1765553767927,Hit,Tom,0,1.0
1765553768193,Hit,Tom,0,1.0
1765553768562,Hit,Boom,0,1.0
1765553769028,Hit,Tom,0,1.0
1765553769591,Hit,Kick,0,1.0
1765553769827,Hit,Kick,0,1.0
1765553770524,Hit,Boom,0,1.0
1765553771059,Hit,Tom,0,1.0
1765553771563,Hit,Boom,0,1.0
1765553771990,Hit,Kick,0,1.0
1765553772094,Hit,Kick,0,1.0
1765553773055,Hit,Tom,0,1.0
1765553773789,Hit,Tom,0,1.0
1765553774423,Hit,Boom,0,1.0
1765553774588,Hit,Boom,0,1.0
1765553774692,Hit,Boom,0,1.0
1765553774824,Hit,Boom,0,1.0
1765553775091,Hit,Kick,0,1.0
1765553775758,Hit,Boom,0,1.0
1765553776054,Hit,Boom,0,1.0
1765553776490,Hit,Kick,0,1.0
1765553776855,Hit,Boom,0,1.0
1765553776955,Hit,Boom,0,1.0
1765553777156,Hit,Boom,0,1.0
1765553777520,Hit,Kick,0,1.0
1765553777786,Hit,Boom,0,1.0
1765553778088,Hit,Kick,0,1.0
1765553778186,Hit,Boom,0,1.0
1765553778287,Hit,Boom,0,1.0
1765553778422,Hit,Kick,0,1.0
1765553778518,Hit,Boom,0,1.0
1765553779052,Hit,Kick,0,1.0
1765553779895,Hit,Tom,0,1.0
1765553780250,Hit,Boom,0,1.0
1765553780621,Hit,Kick,0,1.0
1765553780716,Hit,Boom,0,1.0
1765553780785,Hit,Tom,0,1.0
1765553781020,Hit,Kick,0,1.0
1765553781118,Hit,Boom,0,1.0
1765553781220,Hit,Tom,0,1.0
1765553781420,Hit,Kick,0,1.0
1765553781650,Hit,Tom,0,1.0
1765553781951,Hit,Boom,0,1.0
1765553782443,Hit,Tom,0,1.0
1765553782608,Hit,Kick,0,1.0
1765553782842,Hit,Tom,0,1.0
1765553783041,Hit,Kick,0,1.0
1765553784138,Hit,Tom,0,1.0
1765553784643,Hit,Boom,0,1.0
1765553784842,Hit,Boom,0,1.0
1765553785005,Hit,Boom,0,1.0
1765553785109,Hit,Boom,0,1.0
1765553785775,Hit,Tom,0,1.0
1765553786339,Hit,Tom,0,1.0
1765553787604,Hit,Kick,0,1.0
1765553787937,Hit,Kick,0,1.0
1765553788175,Hit,Boom,0,1.0
1765553788338,Hit,Boom,0,1.0
1765553789004,Hit,Tom,0,1.0
1765553790308,Hit,Tom,0,1.0
1765553791240,Hit,Tom,0,1.0
1765553792442,Hit,Kick,0,1.0
1765553792907,Hit,Kick,0,1.0
1765553793138,Hit,Boom,0,1.0
1765553793973,Hit,Tom,0,1.0
1765553795337,Hit,Boom,0,1.0
1765553795871,Hit,Kick,0,1.0
1765553796173,Hit,Boom,0,1.0
1765553796505,Hit,Kick,0,1.0
1765553796774,Hit,Boom,0,1.0
1765553797148,Hit,Kick,0,1.0
1765553797407,Hit,Boom,0,1.0
1765553798341,Hit,Kick,0,1.0
1765553798808,Hit,Boom,0,1.0
1765553799338,Hit,Kick,0,1.0
1765553799636,Hit,Boom,0,1.0
1765553800073,Hit,Kick,0,1.0
1765553800436,Hit,Boom,0,1.0
1765553801738,Hit,Kick,0,1.0
1765553802764,NoteOn,Piano_A,261.0,1.0
1765553804498,NoteOff,Piano_A,0,0
1765553805431,NoteOn,Piano_A,256.0,1.0
1765553806497,NoteOff,Piano_A,0,0
1765553807931,NoteOn,Piano_A,275.0,1.0
1765553808431,NoteOff,Piano_A,0,0
1765553808897,NoteOn,Piano_B,247.0,1.0
1765553809297,NoteOff,Piano_B,0,0
1765553809529,NoteOn,Piano_A,249.0,1.0
1765553809629,NoteOff,Piano_A,0,0
1765553810031,NoteOn,Piano_B,250.0,1.0
1765553810296,NoteOff,Piano_B,0,0
1765553811096,NoteOn,Piano_A,282.0,1.0
1765553811229,NoteOff,Piano_A,0,0
1765553811697,NoteOn,Piano_B,0.0,1.0
1765553815499,NoteOff,Piano_B,0,0
1765553815996,NoteOn,Piano_A,281.0,1.0
1765553816496,NoteOff,Piano_A,0,0
1765553820729,NoteOn,Piano_B,415.0,1.0
1765553820895,NoteOff,Piano_B,0,0
1765553822897,NoteOn,Piano_A,224.0,1.0
1765553823027,NoteOff,Piano_A,0,0
1765553823329,NoteOn,Piano_B,228.0,1.0
1765553824194,NoteOff,Piano_B,0,0
1765553824427,NoteOn,Piano_A,226.0,1.0
1765553824929,NoteOff,Piano_A,0,0
1765553825131,NoteOn,Piano_G,0.0,1.0
1765553825228,NoteOff,Piano_G,0,0
1765553825796,NoteOn,Piano_G,222.0,1.0
1765553826328,NoteOff,Piano_G,0,0
1765553826560,NoteOn,Piano_F,0.0,1.0
1765553827027,NoteOff,Piano_F,0,0
1765553827227,NoteOn,Piano_E,0.0,1.0
1765553827661,NoteOff,Piano_E,0,0
1765553827894,NoteOn,Piano_D,0.0,1.0
1765553828328,NoteOff,Piano_D,0,0
1765553828561,NoteOn,Piano_C,0.0,1.0
1765553829160,NoteOff,Piano_C,0,0
1765553845932,NoteOn,Piano_B,241.0,1.0
1765553846298,NoteOff,Piano_B,0,0
1765553846665,NoteOn,Piano_A,257.0,1.0
1765553846897,NoteOff,Piano_A,0,0
1765553851263,NoteOn,Piano_A,243.0,1.0
1765553851885,NoteOff,Piano_A,0,0
1765553856092,NoteOn,Piano_B,250.0,1.0
1765553857124,NoteOff,Piano_B,0,0
1765553863230,Hit,Boom,0,1.0
1765553863863,Hit,Boom,0,1.0
1765553864465,Hit,Boom,0,1.0
1765553865162,Hit,Boom,0,1.0
1765553866702,Hit,Boom,0,1.0
1765553867287,Hit,Boom,0,1.0
1765553868530,Hit,Kick,0,1.0
1765553869160,Hit,Kick,0,1.0
1765553869864,Hit,Kick,0,1.0
1765553871761,Hit,Boom,0,1.0
1765553872529,Hit,Boom,0,1.0
1765553873062,Hit,Boom,0,1.0
1765553874263,Hit,Kick,0,1.0
1765553874560,Hit,Kick,0,1.0
1765553874862,Hit,Kick,0,1.0
1765553875264,Hit,Kick,0,1.0
1765553875427,Hit,Kick,0,1.0
1765553875595,Hit,Kick,0,1.0
1765553877358,Hit,Boom,0,1.0
1765553877997,Hit,Boom,0,1.0
1765553878595,Hit,Boom,0,1.0
1765553879062,Hit,Kick,0,1.0
1765553879662,Hit,Kick,0,1.0
1765553880196,Hit,Kick,0,1.0
1765553880626,Hit,Kick,0,1.0
1765553881092,Hit,Kick,0,1.0
1765553883225,Hit,Kick,0,1.0
1765553883728,Hit,Kick,0,1.0
1765553884321,Hit,Boom,0,1.0
1765553884863,Hit,Boom,0,1.0
1765553886060,Hit,Boom,0,1.0
1765553889135,NoteOn,Piano_B,248.0,1.0
1765553889469,NoteOff,Piano_B,0,0
1765553891352,NoteOn,Piano_B,251.0,1.0
1765553897023,Hit,Boom,0,1.0
1765553897490,Hit,Boom,0,1.0
1765553898024,Hit,Boom,0,1.0
1765553898556,Hit,Boom,0,1.0
1765553900156,Hit,Boom,0,1.0
1765553900525,Hit,Boom,0,1.0
1765553901396,Hit,Boom,0,1.0
1765553903090,Hit,Kick,0,1.0
1765553903393,Hit,Kick,0,1.0
1765553906460,Hit,Boom,0,1.0
1765553911488,Hit,Boom,0,1.0
1765553913957,Hit,Kick,0,1.0
1765553915724,Hit,Boom,0,1.0
1765553916794,Hit,Kick,0,1.0
1765553916924,Hit,Kick,0,1.0
1765553917058,Hit,Kick,0,1.0
1765553918122,Hit,Boom,0,1.0
1765553919820,Hit,Boom,0,1.0
1765553921987,NoteOff,Piano_B,0,0
1765553922280,NoteOn,Piano_B,241.0,1.0
1765553922582,NoteOff,Piano_B,0,0
1765553924513,NoteOn,Piano_A,244.0,1.0
1765553938045,NoteOff,Piano_A,0,0
1765553938512,NoteOn,Piano_A,260.0,1.0
1765553939078,NoteOff,Piano_A,0,0
1765553939278,NoteOn,Piano_A,294.0,1.0
1765553939512,NoteOff,Piano_A,0,0
1765553940312,NoteOn,Piano_A,283.0,1.0
1765553940712,NoteOff,Piano_A,0,0
1765553941012,NoteOn,Piano_A,0.0,1.0
1765553941478,NoteOff,Piano_A,0,0
1765553941709,NoteOn,Piano_B,234.0,1.0
1765553941743,NoteOff,Piano_B,0,0
1765553943043,NoteOn,Piano_A,265.0,1.0
1765553943144,NoteOff,Piano_A,0,0
Timestamp,Event,Instrument,Hit_Depth,Confidence
1765554592221,NoteOn,Piano_A,254.0,1.0
1765554593087,NoteOff,Piano_A,0,0
1765554593520,NoteOn,Piano_G,0.0,1.0
1765554594186,NoteOff,Piano_G,0,0
1765554594453,NoteOn,Piano_A,256.0,1.0
1765554594685,NoteOff,Piano_A,0,0
1765554785157,NoteOn,Piano_A,253.0,1.0
1765554785424,NoteOff,Piano_A,0,0
1765554790589,NoteOn,Piano_A,231.0,1.0
1765554791457,NoteOff,Piano_A,0,0
1765554791989,NoteOn,Piano_B,246.0,1.0
1765554792456,NoteOff,Piano_B,0,0
1765554792756,NoteOn,Piano_A,235.0,1.0
1765554792822,NoteOff,Piano_A,0,0
1765554793422,NoteOn,Piano_G,244.0,1.0
Timestamp,Event,Instrument,Hit_Depth,Confidence
1765555308464,NoteOn,Piano_G,258.0,1.0
1765555308629,NoteOff,Piano_G,0,0
1765555308831,NoteOn,Piano_G,258.0,1.0
1765555308896,NoteOff,Piano_G,0,0
1765555309461,NoteOn,Piano_G,258.0,1.0
1765555309560,NoteOn,Piano_A,260.0,1.0
1765555309695,NoteOff,Piano_G,0,0
1765555309695,NoteOff,Piano_A,0,0
Timestamp,Event,Instrument,Hit_Depth,Confidence
1765555496153,NoteOn,Piano_A,253.0,1.0
1765555500919,NoteOff,Piano_A,0,0
1765555501552,NoteOn,Piano_A,258.0,1.0
Timestamp,Event,Instrument,Hit_Depth,Confidence
1765555840514,NoteOn,Piano_A,245.0,1.0
1765555845343,NoteOff,Piano_A,0,0
1765555846091,NoteOn,Piano_A,252.0,1.0
Timestamp,Event,Instrument,Hit_Depth,Confidence
1765556038293,NoteOn,Piano_B,250.0,1.0
1765556038658,NoteOff,Piano_B,0,0
1765556039158,NoteOn,Piano_G,367.0,1.0
1765556039792,NoteOff,Piano_G,0,0
1765556040058,NoteOn,Piano_A,258.0,1.0
Timestamp,Event,Instrument,Hit_Depth,Confidence
1765556167222,NoteOn,Piano_A,252.0,1.0
1765556178063,NoteOff,Piano_A,0,0
1765556179582,NoteOn,Piano_B,0.0,1.0
1765556180618,NoteOn,Piano_A,250.0,1.0
1765556180676,NoteOff,Piano_B,0,0
1765556180983,NoteOn,Piano_B,0.0,1.0
1765556181208,NoteOff,Piano_B,0,0
1765556182817,NoteOn,Piano_B,0.0,1.0
1765556184074,NoteOff,Piano_B,0,0
1765556184682,NoteOn,Piano_B,249.0,1.0
1765556185449,NoteOff,Piano_B,0,0
1765556185551,NoteOff,Piano_A,0,0
1765556186052,NoteOn,Piano_A,278.0,1.0
1765556189750,NoteOff,Piano_A,0,0
1765556190115,NoteOn,Piano_B,266.0,1.0
1765556190141,NoteOff,Piano_B,0,0
1765556190617,NoteOn,Piano_G,266.0,1.0
1765556192171,NoteOff,Piano_G,0,0
1765556192484,NoteOn,Piano_A,255.0,1.0
Timestamp,Event,Instrument,Hit_Depth,Confidence
1765556361852,NoteOn,Piano_A,234.0,1.0
1765556362121,NoteOff,Piano_A,0,0
1765556363353,NoteOn,Piano_G,252.0,1.0
1765556363485,NoteOff,Piano_G,0,0
1765556366806,NoteOn,Piano_A,249.0,1.0
1765556366888,NoteOff,Piano_A,0,0
1765556367082,NoteOn,Piano_A,242.0,1.0
1765556367541,NoteOff,Piano_A,0,0
1765556368091,NoteOn,Piano_A,240.0,1.0
1765556369451,NoteOff,Piano_A,0,0
1765556370617,NoteOn,Piano_A,240.0,1.0
1765556371251,NoteOff,Piano_A,0,0
1765556371450,NoteOn,Piano_A,233.0,1.0
Timestamp,Event,Instrument,Hit_Depth,Confidence
1765556436740,NoteOn,Piano_B,235.0,1.0
1765556437146,NoteOff,Piano_B,0,0
1765556438339,NoteOn,Piano_A,234.0,1.0
1765556439008,NoteOff,Piano_A,0,0
1765556439672,NoteOn,Piano_A,233.0,1.0
1765556439973,NoteOff,Piano_A,0,0
Timestamp,Event,Instrument,Hit_Depth,Confidence
1765556470597,NoteOn,Piano_A,230.0,1.0
1765556470754,NoteOff,Piano_A,0,0
1765556471052,NoteOn,Piano_A,235.0,1.0
1765556477171,Hit,Boom,0,1.0
1765556477891,Hit,Boom,0,1.0
1765556478024,Hit,Boom,0,1.0
1765556478194,Hit,Boom,0,1.0
1765556478424,Hit,Boom,0,1.0
1765556489620,Hit,Boom,0,1.0
1765556490324,Hit,Boom,0,1.0
1765556492319,Hit,Kick,0,1.0
1765556493157,Hit,Kick,0,1.0
1765556495357,Hit,Boom,0,1.0
1765556495957,Hit,Boom,0,1.0
1765556496793,Hit,Kick,0,1.0
1765556498257,Hit,Kick,0,1.0
1765556499986,Hit,Boom,0,1.0
1765556500854,Hit,Kick,0,1.0
1765556502254,Hit,Boom,0,1.0
1765556502556,Hit,Boom,0,1.0
1765556502986,Hit,Boom,0,1.0
1765556503521,Hit,Boom,0,1.0
1765556510557,NoteOff,Piano_A,0,0
1765556510756,NoteOn,Piano_A,234.0,1.0
1765556512721,NoteOff,Piano_A,0,0
1765556516192,Hit,Boom,0,1.0
1765556516460,Hit,Boom,0,1.0
1765556516561,Hit,Boom,0,1.0
1765556517124,Hit,Boom,0,1.0
1765556518826,Hit,Boom,0,1.0
1765556520626,Hit,Boom,0,1.0
1765556521292,Hit,Boom,0,1.0
1765556522422,Hit,Kick,0,1.0
1765556523090,Hit,Kick,0,1.0
1765556523697,Hit,Kick,0,1.0
1765556527052,Hit,Boom,0,1.0
1765556527384,Hit,Boom,0,1.0
1765556527918,Hit,Boom,0,1.0
1765556528554,Hit,Boom,0,1.0
1765556529287,Hit,Boom,0,1.0
1765556529450,Hit,Boom,0,1.0
1765556531085,Hit,Boom,0,1.0
1765556531685,Hit,Boom,0,1.0
1765556533648,Hit,Kick,0,1.0
1765556533951,Hit,Kick,0,1.0
1765556534581,Hit,Kick,0,1.0
1765556537552,Hit,Kick,0,1.0
1765556538418,Hit,Boom,0,1.0
1765556538751,Hit,Boom,0,1.0
1765556539351,Hit,Boom,0,1.0
1765556539818,Hit,Boom,0,1.0
1765556546429,NoteOn,Piano_B,245.0,1.0
1765556547296,NoteOn,Piano_A,238.0,1.0
1765556547594,NoteOff,Piano_A,0,0
1765556548195,NoteOff,Piano_B,0,0
1765556548993,NoteOn,Piano_B,269.0,1.0
1765556549829,NoteOff,Piano_B,0,0
1765556551825,NoteOn,Piano_B,0.0,1.0
1765556552559,NoteOn,Piano_A,242.0,1.0
1765556553084,NoteOff,Piano_B,0,0
1765556553592,NoteOff,Piano_A,0,0
1765556553792,NoteOn,Piano_A,249.0,1.0
1765556553826,NoteOff,Piano_A,0,0
1765556554225,NoteOn,Piano_A,248.0,1.0
1765556559352,Hit,Boom,0,1.0
1765556560419,Hit,Boom,0,1.0
Timestamp,Event,Instrument,Hit_Depth,Confidence
1765556658060,NoteOn,Piano_B,226.0,1.0
1765556658728,NoteOn,Piano_A,233.0,1.0
1765556658860,NoteOff,Piano_A,0,0
1765556660358,NoteOff,Piano_B,0,0
1765556660724,NoteOn,Piano_B,230.0,1.0
1765556660858,NoteOff,Piano_B,0,0
1765556676157,NoteOn,Piano_A,0.0,1.0
1765556676293,NoteOff,Piano_A,0,0
1765556676632,NoteOn,Piano_B,0.0,1.0
1765556676858,NoteOff,Piano_B,0,0
1765556677692,NoteOn,Piano_B,0.0,1.0
1765556677732,NoteOff,Piano_B,0,0
1765556680791,NoteOn,Piano_G,0.0,1.0
1765556680825,NoteOff,Piano_G,0,0
1765556683209,NoteOn,Piano_B,266.0,1.0
1765556683344,NoteOff,Piano_B,0,0
1765556684400,NoteOn,Piano_A,270.0,1.0
1765556684665,NoteOff,Piano_A,0,0
1765556692936,NoteOn,Piano_A,0.0,1.0
1765556693335,NoteOff,Piano_A,0,0
1765556693736,NoteOn,Piano_A,231.0,1.0
1765556696933,NoteOff,Piano_A,0,0
1765556699770,NoteOn,Piano_B,258.0,1.0
1765556701287,NoteOff,Piano_B,0,0
1765556701938,NoteOn,Piano_B,258.0,1.0
1765556701987,NoteOff,Piano_B,0,0
1765556705727,NoteOn,Piano_B,258.0,1.0
1765556705995,NoteOff,Piano_B,0,0
1765556708725,NoteOn,Piano_B,215.0,1.0
1765556709193,NoteOff,Piano_B,0,0
1765556711522,NoteOn,Piano_A,234.0,1.0
Timestamp,Event,Instrument,Hit_Depth,Confidence
1765556738243,NoteOn,Piano_A,249.0,1.0
1765556738510,NoteOff,Piano_A,0,0
1765556739376,NoteOn,Piano_B,239.0,1.0
1765556739509,NoteOff,Piano_B,0,0
1765556739810,NoteOn,Piano_A,237.0,1.0
1765556740408,NoteOff,Piano_A,0,0
1765556740876,NoteOn,Piano_A,240.0,1.0
1765556747741,NoteOn,Piano_A,240.0,1.0
1765556747843,NoteOff,Piano_A,0,0
1765556748077,NoteOn,Piano_B,246.0,1.0
Timestamp,Event,Instrument,Hit_Depth,Confidence
1765556832357,NoteOn,Piano_A,246.0,1.0
1765556832549,NoteOff,Piano_A,0,0
1765556832805,NoteOn,Piano_B,250.0,1.0
1765556833646,NoteOff,Piano_B,0,0
1765556841503,NoteOn,Piano_A,296.0,1.0
1765556841837,NoteOff,Piano_A,0,0
1765556842770,NoteOn,Piano_B,314.0,1.0
1765556843303,NoteOff,Piano_B,0,0
1765556843704,NoteOn,Piano_B,0.0,1.0
1765556844670,NoteOff,Piano_B,0,0
1765556859285,NoteOn,Piano_B,351.0,1.0
1765556859354,NoteOff,Piano_B,0,0
1765556870278,NoteOn,Piano_B,367.0,1.0
1765556870377,NoteOff,Piano_B,0,0
1765556873741,NoteOn,Piano_B,374.0,1.0
1765556873842,NoteOff,Piano_B,0,0
1765556875474,NoteOn,Piano_B,0.0,1.0
1765556875540,NoteOff,Piano_B,0,0
1765556885800,NoteOn,Piano_B,250.0,1.0
1765556886299,NoteOff,Piano_B,0,0
Timestamp,Event,Instrument,Hit_Depth,Confidence
1765557033624,NoteOn,Piano_A,251.0,1.0
1765557034210,NoteOff,Piano_A,0,0
1765557038608,NoteOn,Piano_B,350.0,1.0
1765557038874,NoteOff,Piano_B,0,0
1765557045441,NoteOn,Piano_A,0.0,1.0
1765557046241,NoteOff,Piano_A,0,0
1765557046807,NoteOn,Piano_B,0.0,1.0
Timestamp,Event,Instrument,Hit_Depth,Confidence
1765557087250,NoteOn,Piano_A,414.0,1.0
1765557087317,NoteOff,Piano_A,0,0
1765557106880,NoteOn,Piano_B,499.0,1.0
1765557107381,NoteOff,Piano_B,0,0
1765557119745,NoteOn,Piano_B,232.0,1.0
1765557121278,NoteOff,Piano_B,0,0
Timestamp,Event,Instrument,Hit_Depth,Confidence
1765557170512,NoteOn,Piano_B,243.0,1.0
1765557170779,NoteOff,Piano_B,0,0
1765557171311,NoteOn,Piano_B,242.0,1.0
1765557172927,NoteOff,Piano_B,0,0
1765557177458,NoteOn,Piano_B,255.0,1.0
Timestamp,Event,Instrument,Hit_Depth,Confidence
1765557430191,NoteOn,Piano_B,251.0,1.0
Timestamp,Event,Instrument,Hit_Depth,Confidence
1765557660587,NoteOn,Piano_B,0.0,1.0
1765557660953,NoteOff,Piano_B,0,0
1765557661387,NoteOn,Piano_A,242.0,1.0
1765557661587,NoteOff,Piano_A,0,0
1765557662652,NoteOn,Piano_G,250.0,1.0
1765557662886,NoteOff,Piano_G,0,0
1765557663319,NoteOn,Piano_F,0.0,1.0
1765557663353,NoteOff,Piano_F,0,0
1765557664450,NoteOn,Piano_F,0.0,1.0
1765557664593,NoteOff,Piano_F,0,0
1765557664930,Hit,Boom,0,1.0
1765557665388,Hit,Boom,0,1.0
1765557666453,NoteOn,Piano_E,0.0,1.0
1765557666887,NoteOff,Piano_E,0,0
1765557717018,Hit,Tom,0,1.0
1765557718753,Hit,Boom,0,1.0
1765557719716,Hit,Kick,0,1.0
1765557719885,Hit,Kick,0,1.0
1765557720019,Hit,Kick,0,1.0
1765557720092,Hit,Boom,0,1.0
1765557720249,Hit,Tom,0,1.0
1765557721281,NoteOn,Piano_B,243.0,1.0
1765557730210,NoteOn,Piano_B,248.0,1.0
1765557733475,NoteOff,Piano_B,0,0
1765557746474,NoteOn,Piano_B,334.0,1.0
1765557747141,NoteOff,Piano_B,0,0
1765557748375,NoteOn,Piano_B,779.0,1.0
1765557749141,NoteOff,Piano_B,0,0
1765557750107,NoteOn,Piano_B,240.0,1.0
1765557751839,NoteOff,Piano_B,0,0
1765557752941,NoteOn,Piano_B,278.0,1.0
1765557752973,NoteOff,Piano_B,0,0
1765557753305,NoteOn,Piano_B,0.0,1.0
1765557753339,NoteOff,Piano_B,0,0
1765557754906,NoteOn,Piano_B,266.0,1.0
1765557755272,NoteOff,Piano_B,0,0
1765557755573,NoteOn,Piano_A,0.0,1.0
1765557755706,NoteOff,Piano_A,0,0
1765557756706,NoteOn,Piano_A,0.0,1.0
1765557756807,NoteOff,Piano_A,0,0
1765557757439,NoteOn,Piano_A,0.0,1.0
1765557758339,NoteOff,Piano_A,0,0
1765557759106,NoteOn,Piano_B,254.0,1.0
1765557761939,NoteOff,Piano_B,0,0
1765557763013,NoteOn,Piano_B,0.0,1.0
1765557763069,NoteOff,Piano_B,0,0
1765557765039,NoteOn,Piano_A,0.0,1.0
1765557766672,NoteOff,Piano_A,0,0
1765557768971,NoteOn,Piano_A,0.0,1.0
1765557772804,NoteOff,Piano_A,0,0
1765557773935,NoteOn,Piano_A,0.0,1.0
1765557773970,NoteOff,Piano_A,0,0
1765557775969,NoteOn,Piano_A,0.0,1.0
1765557776171,NoteOff,Piano_A,0,0
1765557779602,NoteOn,Piano_A,0.0,1.0
1765557779802,NoteOff,Piano_A,0,0
1765557784170,NoteOn,Piano_A,0.0,1.0
1765557784404,NoteOff,Piano_A,0,0
1765557787500,NoteOn,Piano_A,0.0,1.0
1765557788700,NoteOff,Piano_A,0,0
1765557788900,NoteOn,Piano_A,0.0,1.0
1765557789912,NoteOff,Piano_A,0,0
Timestamp,Event,Instrument,Hit_Depth,Confidence
Timestamp,Event,Instrument,Hit_Depth,Confidence
Timestamp,Event,Instrument,Hit_Depth,Confidence
Timestamp,Event,Instrument,Hit_Depth,Confidence
Timestamp,Event,Instrument,Hit_Depth,Confidence
Timestamp,Event,Instrument,Hit_Depth,Confidence
1765589635122,Hit,Tom,0,1.0
1765589635864,Hit,Tom,0,1.0
1765589636413,Hit,Kick,0,1.0
Timestamp,Event,Instrument,Hit_Depth,Confidence
Timestamp,Event,Instrument,Hit_Depth,Confidence
Timestamp,Event,Instrument,Hit_Depth,Confidence
Timestamp,Event,Instrument,Hit_Depth,Confidence
1765591191046,Hit,Tom,0,1.0
1765591191415,Hit,Tom,0,1.0
1765591192371,Hit,Tom,0,1.0
1765591192617,Hit,Tom,0,1.0
1765591192846,Hit,Tom,0,1.0
1765591205282,Hit,Boom,0,1.0
1765591205948,Hit,Boom,0,1.0
1765591206445,Hit,Boom,0,1.0
1765591208849,Hit,Kick,0,1.0
1765591209677,Hit,Boom,0,1.0
1765591210179,Hit,Boom,0,1.0
1765591211048,Hit,Boom,0,1.0
1765591211342,Hit,Boom,0,1.0
1765591211845,Hit,Boom,0,1.0
1765591212596,Hit,Kick,0,1.0
1765591214178,Hit,Kick,0,1.0
Timestamp,Event,Instrument,Hit_Depth,Confidence
Timestamp,Event,Instrument,Hit_Depth,Confidence
1765591545722,NoteOn,Piano_B,241.0,1.0
1765591545755,NoteOff,Piano_B,0,0
1765591552103,NoteOn,Piano_B,247.0,1.0
1765591552336,NoteOff,Piano_B,0,0
1765591575558,Hit,Tom,0,1.0
Timestamp,Event,Instrument,Hit_Depth,Confidence
Timestamp,Event,Instrument,Hit_Depth,Confidence
Timestamp,Event,Instrument,Hit_Depth,Confidence
Timestamp,Event,Instrument,Hit_Depth,Confidence
Timestamp,Event,Instrument,Hit_Depth,Confidence
Timestamp,Event,Instrument,Hit_Depth,Confidence
Timestamp,Event,Instrument,Hit_Depth,Confidence
Timestamp,Event,Instrument,Hit_Depth,Confidence
Timestamp,Event,Instrument,Hit_Depth,Confidence
Timestamp,Event,Instrument,Hit_Depth,Confidence
Timestamp,Event,Instrument,Hit_Depth,Confidence
Timestamp,Event,Instrument,Hit_Depth,Confidence
Timestamp,Event,Instrument,Hit_Depth,Confidence
Timestamp,Event,Instrument,Hit_Depth,Confidence
1765596788624,Hit,Boom,0,1.0
1765596790214,Hit,Boom,0,1.0
1765596791214,Hit,Boom,0,1.0
1765596791548,Hit,Boom,0,1.0
1765596792414,Hit,Boom,0,1.0
1765596793280,Hit,Boom,0,1.0
1765596793547,Hit,Boom,0,1.0
1765596794678,Hit,Kick,0,1.0
1765596795109,Hit,Kick,0,1.0
1765596797708,Hit,Boom,0,1.0
1765596799533,Hit,Kick,0,1.0
Timestamp,Event,Instrument,Hit_Depth,Confidence
Timestamp,Event,Instrument,Hit_Depth,Confidence
Timestamp,Event,Instrument,Hit_Depth,Confidence
Timestamp,Event,Instrument,Hit_Depth,Confidence
1765602772580,NoteOn,Piano_B,0.0,1.0
1765602773314,NoteOff,Piano_B,0,0
1765602774013,NoteOn,Piano_A,0.0,1.0
1765602774614,NoteOff,Piano_A,0,0
1765602775112,NoteOn,Piano_G,0.0,1.0
1765602775579,NoteOff,Piano_G,0,0
1765602775746,NoteOn,Piano_F,0.0,1.0
1765602775879,NoteOff,Piano_F,0,0
1765602776178,NoteOn,Piano_F,467.0,1.0
1765602776211,NoteOff,Piano_F,0,0
1765602776447,NoteOn,Piano_E,409.0,1.0
1765602776845,NoteOff,Piano_E,0,0
1765602777119,Hit,Boom,0,1.0
1765602778486,Hit,Tom,0,1.0
1765602779228,Hit,Boom,0,1.0
1765602779428,Hit,Boom,0,1.0
1765602779689,Hit,Boom,0,1.0
1765602780192,Hit,Kick,0,1.0
1765602781249,Hit,Tom,0,1.0
Timestamp,Event,Instrument,Hit_Depth,Confidence
1765602881501,NoteOn,Piano_B,0.0,1.0
1765602881667,NoteOff,Piano_B,0,0
1765602882235,NoteOn,Piano_A,0.0,1.0
1765602882733,NoteOff,Piano_A,0,0
1765602882934,NoteOn,Piano_G,0.0,1.0
1765602883301,NoteOff,Piano_G,0,0
1765602883501,NoteOn,Piano_F,0.0,1.0
1765602883767,NoteOff,Piano_F,0,0
1765602884000,NoteOn,Piano_E,0.0,1.0
1765602884168,NoteOff,Piano_E,0,0
1765602884499,NoteOn,Piano_D,216.0,1.0
1765602884533,NoteOff,Piano_D,0,0
1765602884732,NoteOn,Piano_C,0.0,1.0
1765602884897,NoteOff,Piano_C,0,0
1765602885100,NoteOn,Piano_D,196.0,1.0
1765602885466,NoteOff,Piano_D,0,0
1765602885698,NoteOn,Piano_C,194.0,1.0
1765602886232,NoteOff,Piano_C,0,0
1765602888463,NoteOn,Piano_B,0.0,1.0
1765602888997,NoteOff,Piano_B,0,0
1765602889197,NoteOn,Piano_A,0.0,1.0
1765602889662,NoteOff,Piano_A,0,0
1765602889853,NoteOn,Piano_G,0.0,1.0
1765602890261,NoteOff,Piano_G,0,0
1765602890461,NoteOn,Piano_F,0.0,1.0
1765602890763,NoteOff,Piano_F,0,0
1765602891101,Hit,Tom,0,1.0
1765602891471,Hit,Tom,0,1.0
Timestamp,Event,Instrument,Hit_Depth,Confidence
1765603113499,NoteOn,Piano_B,274.0,1.0
1765603113633,NoteOff,Piano_B,0,0
1765603113933,NoteOn,Piano_B,271.0,1.0
1765603114033,NoteOff,Piano_B,0,0
1765603114367,NoteOn,Piano_B,305.0,1.0
1765603114433,NoteOff,Piano_B,0,0
1765603115170,Hit,Tom,0,1.0
1765603115770,Hit,Boom,0,1.0
1765603116407,Hit,Kick,0,1.0
1765603116738,Hit,Kick,0,1.0
1765603116902,Hit,Boom,0,1.0
1765603117036,Hit,Tom,0,1.0
1765603126033,Hit,Boom,0,1.0
1765603126863,Hit,Boom,0,1.0
1765603128129,Hit,Boom,0,1.0
1765603128366,Hit,Boom,0,1.0
1765603128725,Hit,Boom,0,1.0
1765603128991,Hit,Boom,0,1.0
1765603129592,Hit,Boom,0,1.0
1765603130525,Hit,Kick,0,1.0
1765603130658,Hit,Kick,0,1.0
1765603131888,Hit,Boom,0,1.0
1765603131992,Hit,Boom,0,1.0
1765603133191,Hit,Kick,0,1.0
1765603133490,Hit,Kick,0,1.0
1765603133757,Hit,Kick,0,1.0
1765603133999,Hit,Kick,0,1.0
1765603134326,Hit,Kick,0,1.0
1765603134635,Hit,Kick,0,1.0
1765603135158,Hit,Kick,0,1.0
1765603136489,Hit,Kick,0,1.0
1765603139590,Hit,Boom,0,1.0
1765603140554,Hit,Kick,0,1.0
1765603142020,Hit,Boom,0,1.0
1765603142923,Hit,Boom,0,1.0
1765603143423,Hit,Boom,0,1.0
1765603144055,Hit,Kick,0,1.0
1765603144724,Hit,Kick,0,1.0
1765603145685,Hit,Kick,0,1.0
1765603146820,Hit,Kick,0,1.0
1765603147590,Hit,Kick,0,1.0
1765603148255,Hit,Kick,0,1.0
1765603148820,Hit,Kick,0,1.0
1765603149920,Hit,Boom,0,1.0
1765603150351,Hit,Boom,0,1.0
1765603150856,Hit,Boom,0,1.0
Timestamp,Event,Instrument,Hit_Depth,Confidence
Timestamp,Event,Instrument,Hit_Depth,Confidence
Timestamp,Event,Instrument,Hit_Depth,Confidence
1765605352378,Hit,Tom,0,1.0
1765605364228,NoteOn,Piano_G,325.0,1.0
1765605364561,NoteOff,Piano_G,0,0
1765605367503,Hit,Boom,0,1.0
1765605369103,Hit,Boom,0,1.0
1765605369866,Hit,Boom,0,1.0
1765605370435,Hit,Boom,0,1.0
1765605370864,Hit,Boom,0,1.0
1765605371532,Hit,Boom,0,1.0
1765605372797,Hit,Boom,0,1.0
1765605373926,Hit,Boom,0,1.0
1765605374526,Hit,Kick,0,1.0
1765605375258,Hit,Kick,0,1.0
1765605375822,Hit,Kick,0,1.0
1765605376323,Hit,Kick,0,1.0
1765605376857,Hit,Kick,0,1.0
Timestamp,Event,Instrument,Hit_Depth,Confidence
Timestamp,Event,Instrument,Hit_Depth,Confidence
Timestamp,Event,Instrument,Hit_Depth,Confidence
1765606178579,NoteOn,Piano_A,0.0,1.0
1765606179046,NoteOff,Piano_A,0,0
1765606179578,NoteOn,Piano_B,356.0,1.0
1765606179778,NoteOff,Piano_B,0,0
1765606180843,NoteOn,Piano_G,0.0,1.0
1765606181443,NoteOff,Piano_G,0,0
1765606181748,Hit,Tom,0,1.0
1765606182917,Hit,Boom,0,1.0
1765606184013,Hit,Kick,0,1.0
1765606184716,Hit,Boom,0,1.0
1765606197054,Hit,Boom,0,1.0
Timestamp,Event,Instrument,Hit_Depth,Confidence
Timestamp,Event,Instrument,Hit_Depth,Confidence
1765607463402,Hit,Boom,0,1.0
1765607464068,Hit,Boom,0,1.0
1765607464667,Hit,Boom,0,1.0
1765607465171,Hit,Boom,0,1.0
1765607468227,Hit,Boom,0,1.0
1765607470464,Hit,Kick,0,1.0
1765607471730,Hit,Boom,0,1.0
1765607472397,Hit,Boom,0,1.0
1765607473099,Hit,Boom,0,1.0
1765607474403,Hit,Kick,0,1.0
1765607474963,Hit,Kick,0,1.0
1765607475195,Hit,Kick,0,1.0
1765607476067,Hit,Kick,0,1.0
1765607480961,Hit,Kick,0,1.0
1765607482920,Hit,Kick,0,1.0
1765607483721,Hit,Kick,0,1.0
1765607485092,Hit,Boom,0,1.0
1765607485757,Hit,Boom,0,1.0
Timestamp,Event,Instrument,Hit_Depth,Confidence
1765607537142,Hit,Boom,0,1.0
1765607537475,Hit,Boom,0,1.0
1765607539275,Hit,Boom,0,1.0
1765607540186,Hit,Boom,0,1.0
1765607541189,Hit,Kick,0,1.0
1765607541989,Hit,Kick,0,1.0
1765607542844,Hit,Kick,0,1.0
1765607544816,Hit,Boom,0,1.0
1765607545616,Hit,Boom,0,1.0
1765607546550,Hit,Kick,0,1.0
1765607547302,Hit,Kick,0,1.0
1765607548259,Hit,Kick,0,1.0
Timestamp,Event,Instrument,Hit_Depth,Confidence
1765608097776,Hit,Tom,0,1.0
1765608111810,NoteOn,Piano_B,0.0,1.0
1765608112276,NoteOff,Piano_B,0,0
1765608112710,NoteOn,Piano_A,0.0,1.0
1765608112942,NoteOff,Piano_A,0,0
1765608113150,Hit,Tom,0,1.0
1765608113682,Hit,Boom,0,1.0
1765608114314,Hit,Kick,0,1.0
1765608114912,Hit,Boom,0,1.0
1765608115283,Hit,Tom,0,1.0
1765608115514,Hit,Tom,0,1.0
1765608115681,Hit,Tom,0,1.0
1765608115814,Hit,Boom,0,1.0
1765608115978,Hit,Kick,0,1.0
1765608116280,Hit,Boom,0,1.0
1765608116417,Hit,Tom,0,1.0
1765608117072,NoteOn,Piano_G,0.0,1.0
1765608117438,NoteOff,Piano_G,0,0
1765608117772,NoteOn,Piano_E,0.0,1.0
1765608117806,NoteOff,Piano_E,0,0
1765608118105,NoteOn,Piano_F,0.0,1.0
1765608118572,NoteOff,Piano_F,0,0
1765608125338,Hit,Boom,0,1.0
1765608125872,Hit,Boom,0,1.0
1765608126377,Hit,Boom,0,1.0
1765608126873,Hit,Boom,0,1.0
1765608129108,Hit,Boom,0,1.0
1765608129738,Hit,Boom,0,1.0
1765608130599,Hit,Kick,0,1.0
1765608131336,Hit,Kick,0,1.0
1765608131915,Hit,Kick,0,1.0
1765608132440,Hit,Kick,0,1.0
1765608134641,Hit,Boom,0,1.0
1765608135374,Hit,Boom,0,1.0
1765608135574,Hit,Boom,0,1.0
1765608136039,Hit,Kick,0,1.0
1765608136714,Hit,Kick,0,1.0
1765608137277,Hit,Kick,0,1.0
1765608137746,Hit,Kick,0,1.0
1765608139868,Hit,Boom,0,1.0
1765608140671,Hit,Boom,0,1.0
1765608141613,Hit,Kick,0,1.0
1765608141737,Hit,Kick,0,1.0
1765608142251,Hit,Kick,0,1.0
1765608143018,Hit,Kick,0,1.0
1765608145477,Hit,Kick,0,1.0
1765608146113,Hit,Kick,0,1.0
1765608146670,Hit,Boom,0,1.0
1765608147270,Hit,Boom,0,1.0
1765608147469,Hit,Boom,0,1.0
1765608147803,Hit,Boom,0,1.0
1765608148402,Hit,Boom,0,1.0
Timestamp,Event,Instrument,Hit_Depth,Confidence
1765608319699,Hit,Kick,0,1.0
1765608321069,Hit,Boom,0,1.0
1765608321632,Hit,Boom,0,1.0
1765608322236,Hit,Boom,0,1.0
1765608322432,Hit,Boom,0,1.0
1765608322805,Hit,Boom,0,1.0
1765608323832,Hit,Boom,0,1.0
1765608324870,Hit,Boom,0,1.0
1765608325365,Hit,Boom,0,1.0
1765608326739,Hit,Kick,0,1.0
1765608327165,Hit,Kick,0,1.0
1765608327832,Hit,Kick,0,1.0
1765608330432,Hit,Boom,0,1.0
1765608331098,Hit,Boom,0,1.0
1765608331800,Hit,Kick,0,1.0
1765608332335,Hit,Kick,0,1.0
1765608332999,Hit,Kick,0,1.0
1765608333668,Hit,Kick,0,1.0
1765608335532,Hit,Boom,0,1.0
1765608336301,Hit,Boom,0,1.0
1765608337109,Hit,Kick,0,1.0
1765608337730,Hit,Kick,0,1.0
1765608338330,Hit,Kick,0,1.0
1765608338899,Hit,Kick,0,1.0
1765608339797,Hit,Kick,0,1.0
1765608339997,Hit,Kick,0,1.0
1765608341033,Hit,Kick,0,1.0
1765608341765,Hit,Kick,0,1.0
1765608342464,Hit,Boom,0,1.0
1765608342965,Hit,Boom,0,1.0
1765608343501,Hit,Boom,0,1.0
1765608344032,Hit,Boom,0,1.0
Timestamp,Event,Instrument,Hit_Depth,Confidence
Timestamp,Event,Instrument,Hit_Depth,Confidence
1765608775973,Hit,Boom,0,1.0
1765608776571,Hit,Boom,0,1.0
1765608777169,Hit,Boom,0,1.0
1765608778444,Hit,Kick,0,1.0
1765608778980,Hit,Kick,0,1.0
1765608779561,Hit,Kick,0,1.0
1765608781769,Hit,Boom,0,1.0
1765608782409,Hit,Boom,0,1.0
1765608783299,Hit,Kick,0,1.0
1765608783850,Hit,Kick,0,1.0
1765608784356,Hit,Kick,0,1.0
1765608784889,Hit,Kick,0,1.0
1765608785624,Hit,Kick,0,1.0
Timestamp,Event,Instrument,Hit_Depth,Confidence
Timestamp,Event,Instrument,Hit_Depth,Confidence
1765609310548,Hit,Boom,0,1.0
1765609312804,Hit,Boom,0,1.0
1765609313204,Hit,Boom,0,1.0
1765609313403,Hit,Boom,0,1.0
1765609313936,Hit,Boom,0,1.0
1765609314671,Hit,Kick,0,1.0
1765609315269,Hit,Kick,0,1.0
1765609315761,Hit,Kick,0,1.0
1765609316270,Hit,Kick,0,1.0
1765609319070,Hit,Boom,0,1.0
1765609319572,Hit,Boom,0,1.0
1765609320142,Hit,Kick,0,1.0
1765609320705,Hit,Kick,0,1.0
1765609321237,Hit,Kick,0,1.0
1765609321704,Hit,Kick,0,1.0
1765609324036,Hit,Boom,0,1.0
1765609324502,Hit,Boom,0,1.0
1765609325302,Hit,Kick,0,1.0
1765609325866,Hit,Kick,0,1.0
1765609326465,Hit,Kick,0,1.0
1765609327035,Hit,Kick,0,1.0
1765609327835,Hit,Kick,0,1.0
1765609328769,Hit,Boom,0,1.0
1765609329466,Hit,Kick,0,1.0
1765609330133,Hit,Kick,0,1.0
1765609331065,Hit,Boom,0,1.0
1765609331568,Hit,Boom,0,1.0
1765609332131,Hit,Boom,0,1.0
1765609332568,Hit,Boom,0,1.0
1765609339835,Hit,Tom,0,1.0
1765609340529,Hit,Boom,0,1.0
1765609340997,Hit,Tom,0,1.0
1765609341432,Hit,Tom,0,1.0
1765609341702,Hit,Kick,0,1.0
1765609342063,Hit,Boom,0,1.0
1765609342301,Hit,Tom,0,1.0
1765609342634,Hit,Tom,0,1.0
1765609343891,NoteOn,Piano_E,475.0,1.0
1765609344024,NoteOff,Piano_E,0,0
1765609344392,NoteOn,Piano_F,0.0,1.0
1765609344759,NoteOff,Piano_F,0,0
Timestamp,Event,Instrument,Hit_Depth,Confidence
1765609458836,Hit,Tom,0,1.0
1765609459568,Hit,Tom,0,1.0
1765609460233,Hit,Boom,0,1.0
1765609460939,Hit,Kick,0,1.0
1765609461502,Hit,Boom,0,1.0
1765609461767,Hit,Tom,0,1.0
1765609462100,Hit,Tom,0,1.0
1765609465302,Hit,Tom,0,1.0
Timestamp,Event,Instrument,Hit_Depth,Confidence
1765609564360,Hit,Tom,0,1.0
1765609564790,Hit,Tom,0,1.0
1765609565325,Hit,Boom,0,1.0
1765609565961,Hit,Kick,0,1.0
1765609566362,Hit,Boom,0,1.0
1765609566858,Hit,Kick,0,1.0
1765609567298,Hit,Boom,0,1.0
1765609567527,Hit,Tom,0,1.0
1765609568719,NoteOn,Piano_B,0.0,1.0
1765609569119,NoteOff,Piano_B,0,0
1765609569319,NoteOn,Piano_A,0.0,1.0
1765609569718,NoteOff,Piano_A,0,0
1765609570053,NoteOn,Piano_F,226.0,1.0
1765609570153,NoteOff,Piano_F,0,0
1765609570553,NoteOn,Piano_C,256.0,1.0
1765609570986,NoteOff,Piano_C,0,0
1765609571185,NoteOn,Piano_D,235.0,1.0
1765609571751,NoteOff,Piano_D,0,0
1765609572193,Hit,Boom,0,1.0
1765609572985,NoteOn,Piano_F,0.0,1.0
1765609573185,NoteOff,Piano_F,0,0
1765609573558,Hit,Tom,0,1.0
1765609574323,Hit,Kick,0,1.0
1765609574426,Hit,Kick,0,1.0
1765609575585,NoteOn,Piano_F,0.0,1.0
1765609576019,NoteOff,Piano_F,0,0
1765609576218,NoteOn,Piano_G,0.0,1.0
1765609576586,NoteOff,Piano_G,0,0
1765609576750,NoteOn,Piano_A,0.0,1.0
1765609576918,NoteOff,Piano_A,0,0
Timestamp,Event,Instrument,Hit_Depth,Confidence
1765609685113,Hit,Boom,0,1.0
1765609685645,Hit,Boom,0,1.0
1765609686151,Hit,Boom,0,1.0
1765609688512,Hit,Boom,0,1.0
1765609689147,Hit,Boom,0,1.0
1765609689682,Hit,Boom,0,1.0
1765609689816,Hit,Boom,0,1.0
1765609690080,Hit,Kick,0,1.0
1765609690778,Hit,Kick,0,1.0
1765609691311,Hit,Kick,0,1.0
1765609692282,Hit,Kick,0,1.0
1765609692615,Hit,Kick,0,1.0
1765609694111,Hit,Boom,0,1.0
1765609694682,Hit,Boom,0,1.0
1765609695511,Hit,Kick,0,1.0
1765609695747,Hit,Kick,0,1.0
1765609696149,Hit,Kick,0,1.0
1765609696746,Hit,Kick,0,1.0
1765609697243,Hit,Kick,0,1.0
1765609699277,Hit,Boom,0,1.0
1765609699980,Hit,Boom,0,1.0
1765609700514,Hit,Boom,0,1.0
1765609701247,Hit,Kick,0,1.0
1765609701513,Hit,Kick,0,1.0
1765609702010,Hit,Kick,0,1.0
1765609702648,Hit,Kick,0,1.0
1765609705048,Hit,Kick,0,1.0
1765609705542,Hit,Kick,0,1.0
1765609706245,Hit,Boom,0,1.0
1765609706513,Hit,Boom,0,1.0
1765609706743,Hit,Boom,0,1.0
1765609707343,Hit,Boom,0,1.0
1765609707942,Hit,Boom,0,1.0
Timestamp,Event,Instrument,Hit_Depth,Confidence
1765609738514,Hit,Boom,0,1.0
1765609739147,Hit,Boom,0,1.0
1765609739280,Hit,Boom,0,1.0
1765609739744,Hit,Boom,0,1.0
1765609741675,Hit,Boom,0,1.0
1765609742373,Hit,Boom,0,1.0
1765609743104,Hit,Kick,0,1.0
1765609743341,Hit,Kick,0,1.0
1765609743706,Hit,Kick,0,1.0
1765609744304,Hit,Kick,0,1.0
1765609744907,Hit,Kick,0,1.0
1765609745371,Hit,Kick,0,1.0
1765609745475,Hit,Kick,0,1.0
1765609747353,Hit,Boom,0,1.0
1765609747952,Hit,Boom,0,1.0
1765609748583,Hit,Kick,0,1.0
1765609749114,Hit,Kick,0,1.0
1765609749647,Hit,Kick,0,1.0
1765609750219,Hit,Kick,0,1.0
1765609752667,Hit,Boom,0,1.0
1765609753169,Hit,Boom,0,1.0
1765609754502,Hit,Kick,0,1.0
1765609754931,Hit,Kick,0,1.0
1765609755529,Hit,Kick,0,1.0
1765609758049,Hit,Kick,0,1.0
1765609758614,Hit,Kick,0,1.0
1765609759516,Hit,Boom,0,1.0
1765609759981,Hit,Boom,0,1.0
1765609760479,Hit,Boom,0,1.0
1765609761011,Hit,Boom,0,1.0
Timestamp,Event,Instrument,Hit_Depth,Confidence
1765609890374,Hit,Tom,0,1.0
1765609890844,Hit,Tom,0,1.0
1765609891109,Hit,Tom,0,1.0
1765609891242,Hit,Tom,0,1.0
1765609891574,Hit,Tom,0,1.0
1765609891707,Hit,Tom,0,1.0
1765609891871,Hit,Boom,0,1.0
1765609892509,Hit,Kick,0,1.0
1765609893108,Hit,Boom,0,1.0
1765609893840,Hit,Tom,0,1.0
1765609894901,NoteOn,Piano_G,237.0,1.0
1765609895032,NoteOff,Piano_G,0,0
1765609895233,NoteOn,Piano_G,0.0,1.0
1765609895333,NoteOff,Piano_G,0,0
1765609895534,NoteOn,Piano_A,226.0,1.0
1765609895567,NoteOff,Piano_A,0,0
1765609895801,NoteOn,Piano_B,0.0,1.0
1765609896367,NoteOff,Piano_B,0,0
1765609926134,Hit,Tom,0,1.0
1765609926862,NoteOn,Piano_G,0.0,1.0
1765609927261,NoteOff,Piano_G,0,0
1765609927629,NoteOn,Piano_B,0.0,1.0
1765609928097,NoteOff,Piano_B,0,0
1765609936702,Hit,Boom,0,1.0
1765609937372,Hit,Boom,0,1.0
1765609938002,Hit,Boom,0,1.0
1765609938134,Hit,Boom,0,1.0
1765609940036,Hit,Boom,0,1.0
1765609940641,Hit,Boom,0,1.0
1765609941243,Hit,Boom,0,1.0
1765609942006,Hit,Kick,0,1.0
1765609942200,Hit,Kick,0,1.0
1765609942612,Hit,Kick,0,1.0
1765609943266,Hit,Kick,0,1.0
1765609943372,Hit,Kick,0,1.0
1765609945400,Hit,Boom,0,1.0
1765609946066,Hit,Boom,0,1.0
1765609946601,Hit,Boom,0,1.0
1765609947407,Hit,Kick,0,1.0
1765609948042,Hit,Kick,0,1.0
1765609948576,Hit,Kick,0,1.0
1765609949102,Hit,Kick,0,1.0
1765609951369,Hit,Boom,0,1.0
1765609952101,Hit,Boom,0,1.0
1765609953064,Hit,Kick,0,1.0
1765609953374,Hit,Kick,0,1.0
1765609955099,Hit,Kick,0,1.0
Timestamp,Event,Instrument,Hit_Depth,Confidence
1765610493764,Hit,Boom,0,1.0
1765610494202,Hit,Boom,0,1.0
1765610496433,Hit,Boom,0,1.0
1765610496935,Hit,Boom,0,1.0
1765610503732,Hit,Kick,0,1.0
1765610504333,Hit,Kick,0,1.0
1765610504965,Hit,Kick,0,1.0
1765610507000,Hit,Boom,0,1.0
1765610507752,Hit,Boom,0,1.0
1765610509352,Hit,Kick,0,1.0
1765610558891,Hit,Boom,0,1.0
1765610559026,Hit,Boom,0,1.0
1765610559327,Hit,Boom,0,1.0
1765610559459,Hit,Boom,0,1.0
1765610559822,Hit,Boom,0,1.0
1765610559998,Hit,Boom,0,1.0
1765610562023,Hit,Boom,0,1.0
1765610562791,Hit,Boom,0,1.0
1765610563792,Hit,Kick,0,1.0
1765610563956,Hit,Kick,0,1.0
1765610564422,Hit,Kick,0,1.0
1765610564557,Hit,Kick,0,1.0
1765610565356,Hit,Kick,0,1.0
1765610565488,Hit,Kick,0,1.0
1765610565755,Hit,Kick,0,1.0
1765610567679,Hit,Boom,0,1.0
1765610568280,Hit,Boom,0,1.0
1765610568609,Hit,Boom,0,1.0
1765610569040,Hit,Kick,0,1.0
1765610569308,Hit,Kick,0,1.0
1765610569609,Hit,Kick,0,1.0
1765610569745,Hit,Kick,0,1.0
1765610570142,Hit,Kick,0,1.0
1765610570274,Hit,Kick,0,1.0
1765610571807,Hit,Kick,0,1.0
1765610573635,Hit,Boom,0,1.0
1765610574036,Hit,Boom,0,1.0
1765610574369,Hit,Kick,0,1.0
1765610574635,Hit,Kick,0,1.0
1765610574939,Hit,Kick,0,1.0
1765610575104,Hit,Kick,0,1.0
1765610575435,Hit,Kick,0,1.0
1765610575671,Hit,Kick,0,1.0
1765610576006,Hit,Kick,0,1.0
1765610576167,Hit,Kick,0,1.0
1765610578423,Hit,Kick,0,1.0
1765610578720,Hit,Kick,0,1.0
1765610579024,Hit,Kick,0,1.0
1765610580519,Hit,Boom,0,1.0
1765610581089,Hit,Boom,0,1.0
1765610581653,Hit,Boom,0,1.0
1765610589396,Hit,Boom,0,1.0
1765610589727,Hit,Boom,0,1.0
1765610590197,Hit,Boom,0,1.0
1765610590823,Hit,Boom,0,1.0
1765610591460,Hit,Boom,0,1.0
1765610593555,Hit,Boom,0,1.0
1765610594190,Hit,Boom,0,1.0
1765610594754,Hit,Boom,0,1.0
1765610595722,Hit,Kick,0,1.0
1765610595857,Hit,Kick,0,1.0
1765610596324,Hit,Kick,0,1.0
1765610596952,Hit,Kick,0,1.0
1765610597686,Hit,Kick,0,1.0
1765610598987,Hit,Boom,0,1.0
1765610599655,Hit,Boom,0,1.0
1765610600218,Hit,Boom,0,1.0
1765610600928,Hit,Kick,0,1.0
1765610601254,Hit,Kick,0,1.0
1765610601386,Hit,Kick,0,1.0
1765610601520,Hit,Kick,0,1.0
1765610601978,Hit,Kick,0,1.0
1765610602527,Hit,Kick,0,1.0
1765610604817,Hit,Boom,0,1.0
1765610605386,Hit,Boom,0,1.0
1765610606117,Hit,Kick,0,1.0
1765610606756,Hit,Kick,0,1.0
1765610607318,Hit,Kick,0,1.0
1765610607853,Hit,Kick,0,1.0
1765610610453,Hit,Kick,0,1.0
1765610610883,Hit,Kick,0,1.0
1765610611082,Hit,Kick,0,1.0
1765610611719,Hit,Boom,0,1.0
1765610612287,Hit,Boom,0,1.0
1765610612853,Hit,Boom,0,1.0
Timestamp,Event,Instrument,Hit_Depth,Confidence
1765610841635,Hit,Boom,0,1.0
1765610842272,Hit,Boom,0,1.0
1765610842769,Hit,Boom,0,1.0
1765610845099,Hit,Boom,0,1.0
1765610845802,Hit,Boom,0,1.0
1765610846032,Hit,Boom,0,1.0
1765610846566,Hit,Kick,0,1.0
1765610847297,Hit,Kick,0,1.0
1765610847698,Hit,Kick,0,1.0
1765610847801,Hit,Kick,0,1.0
1765610847964,Hit,Kick,0,1.0
1765610848401,Hit,Kick,0,1.0
1765610849898,Hit,Kick,0,1.0
1765610850133,Hit,Kick,0,1.0
1765610850696,Hit,Boom,0,1.0
1765610851228,Hit,Boom,0,1.0
1765610851334,Hit,Boom,0,1.0
1765610852027,Hit,Kick,0,1.0
1765610852398,Hit,Kick,0,1.0
1765610852532,Hit,Kick,0,1.0
1765610853093,Hit,Kick,0,1.0
1765610853598,Hit,Kick,0,1.0
1765610855989,Hit,Boom,0,1.0
1765610856585,Hit,Boom,0,1.0
1765610857889,Hit,Kick,0,1.0
1765610858421,Hit,Kick,0,1.0
1765610858553,Hit,Kick,0,1.0
1765610858953,Hit,Kick,0,1.0
1765610859420,Hit,Kick,0,1.0
1765610861420,Hit,Kick,0,1.0
1765610862020,Hit,Kick,0,1.0
1765610862586,Hit,Boom,0,1.0
1765610863088,Hit,Boom,0,1.0
1765610863584,Hit,Boom,0,1.0
1765610864320,Hit,Boom,0,1.0
1765610878143,NoteOn,Piano_B,323.0,1.0
1765610878443,NoteOff,Piano_B,0,0
1765610878917,Hit,Tom,0,1.0
1765610879315,Hit,Boom,0,1.0
1765610880116,Hit,Kick,0,1.0
1765610883176,NoteOn,Piano_E,248.0,1.0
1765610883209,NoteOff,Piano_E,0,0
1765610883509,NoteOn,Piano_D,247.0,1.0
1765610884076,NoteOff,Piano_D,0,0
1765610884476,NoteOn,Piano_F,0.0,1.0
1765610884543,NoteOff,Piano_F,0,0
1765610884841,NoteOn,Piano_E,0.0,1.0
1765610885142,NoteOff,Piano_E,0,0
1765610885342,NoteOn,Piano_F,200.0,1.0
1765610885776,NoteOff,Piano_F,0,0
Timestamp,Event,Instrument,Hit_Depth,Confidence
1765611074786,Hit,Boom,0,1.0
1765611075284,Hit,Boom,0,1.0
1765611075852,Hit,Boom,0,1.0
1765611076817,Hit,Boom,0,1.0
1765611078548,Hit,Boom,0,1.0
1765611079148,Hit,Boom,0,1.0
1765611079950,Hit,Kick,0,1.0
1765611080484,Hit,Kick,0,1.0
1765611080681,Hit,Kick,0,1.0
1765611081014,Hit,Kick,0,1.0
1765611081586,Hit,Kick,0,1.0
1765611083883,Hit,Boom,0,1.0
1765611084477,Hit,Boom,0,1.0
1765611085349,Hit,Kick,0,1.0
1765611085918,Hit,Kick,0,1.0
1765611086482,Hit,Kick,0,1.0
1765611087016,Hit,Kick,0,1.0
1765611089349,Hit,Boom,0,1.0
1765611089782,Hit,Boom,0,1.0
1765611090583,Hit,Kick,0,1.0
1765611091182,Hit,Kick,0,1.0
1765611091747,Hit,Kick,0,1.0
1765611092348,Hit,Kick,0,1.0
1765611094812,Hit,Kick,0,1.0
1765611095374,Hit,Kick,0,1.0
1765611096050,Hit,Boom,0,1.0
1765611096479,Hit,Boom,0,1.0
1765611096746,Hit,Boom,0,1.0
1765611097049,Hit,Boom,0,1.0
1765611097545,Hit,Boom,0,1.0
Timestamp,Event,Instrument,Hit_Depth,Confidence
1765633286169,NoteOn,Piano_B,39.215683,1.0
1765633286283,NoteOff,Piano_B,0,0
1765633286530,NoteOn,Piano_B,337.25488,1.0
1765633286754,NoteOff,Piano_B,0,0
1765633287865,NoteOn,Piano_B,243.13724,1.0
1765633288063,NoteOff,Piano_B,0,0
1765633290752,NoteOn,Piano_A,156.86273,1.0
1765633290777,NoteOff,Piano_A,0,0
1765633291245,NoteOn,Piano_A,39.215683,1.0
1765633292061,NoteOff,Piano_A,0,0
1765633292289,NoteOn,Piano_G,196.07841,1.0
1765633292336,NoteOff,Piano_G,0,0
1765633293588,NoteOn,Piano_F,345.09802,1.0
1765633293764,NoteOff,Piano_F,0,0
1765633294030,NoteOn,Piano_F,86.274506,1.0
1765633294333,NoteOff,Piano_F,0,0
1765633294960,Hit,Tom,0,1.0
1765633296409,Hit,Boom,0,1.0
1765633297319,Hit,Kick,0,1.0
Timestamp,Event,Instrument,Hit_Depth,Confidence
1765633329401,NoteOn,Piano_A,0.0,1.0
1765633329834,NoteOff,Piano_A,0,0
1765633330368,NoteOn,Piano_B,386.0,1.0
1765633330768,NoteOff,Piano_B,0,0
1765633331108,Hit,Tom,0,1.0
1765633331774,Hit,Boom,0,1.0
1765633378903,Hit,Boom,0,1.0
1765633379535,Hit,Boom,0,1.0
1765633380099,Hit,Boom,0,1.0
1765633382133,Hit,Boom,0,1.0
1765633382764,Hit,Boom,0,1.0
1765633383600,Hit,Kick,0,1.0
1765633383932,Hit,Kick,0,1.0
1765633384164,Hit,Kick,0,1.0
1765633384764,Hit,Kick,0,1.0
1765633385298,Hit,Kick,0,1.0
1765633388065,Hit,Boom,0,1.0
1765633388563,Hit,Boom,0,1.0
1765633389200,Hit,Kick,0,1.0
1765633389799,Hit,Kick,0,1.0
1765633389965,Hit,Kick,0,1.0
1765633390467,Hit,Kick,0,1.0
1765633393363,Hit,Boom,0,1.0
1765633394096,Hit,Boom,0,1.0
1765633394532,Hit,Kick,0,1.0
1765633394799,Hit,Kick,0,1.0
1765633395131,Hit,Kick,0,1.0
1765633395264,Hit,Kick,0,1.0
1765633395697,Hit,Kick,0,1.0
1765633395839,Hit,Kick,0,1.0
1765633396162,Hit,Kick,0,1.0
1765633397287,Hit,Kick,0,1.0
1765633397419,Hit,Kick,0,1.0
1765633397553,Hit,Kick,0,1.0
1765633397655,Hit,Kick,0,1.0
1765633398456,Hit,Kick,0,1.0
1765633399228,Hit,Kick,0,1.0
1765633399895,Hit,Boom,0,1.0
1765633400496,Hit,Boom,0,1.0
1765633400732,Hit,Boom,0,1.0
1765633401064,Hit,Boom,0,1.0
1765633401264,Hit,Boom,0,1.0
Timestamp,Event,Instrument,Hit_Depth,Confidence
1765633922416,Hit,Boom,0,1.0
1765633923085,Hit,Boom,0,1.0
1765633925315,Hit,Boom,0,1.0
1765633925849,Hit,Boom,0,1.0
1765633926782,Hit,Kick,0,1.0
1765633926983,Hit,Kick,0,1.0
1765633927418,Hit,Kick,0,1.0
1765633928241,Hit,Kick,0,1.0
Timestamp,Event,Instrument,Hit_Depth,Confidence
Timestamp,Event,Instrument,Hit_Depth,Confidence
1765634610505,Hit,Boom,0,1.0
1765634611207,Hit,Boom,0,1.0
1765634611739,Hit,Boom,0,1.0
1765634614137,Hit,Boom,0,1.0
1765634614572,Hit,Boom,0,1.0
1765634615670,Hit,Kick,0,1.0
1765634616305,Hit,Kick,0,1.0
1765634616771,Hit,Kick,0,1.0
1765634617304,Hit,Kick,0,1.0
1765634620104,Hit,Boom,0,1.0
1765634620402,Hit,Boom,0,1.0
1765634621371,Hit,Kick,0,1.0
1765634621637,Hit,Kick,0,1.0
1765634622135,Hit,Kick,0,1.0
1765634622269,Hit,Kick,0,1.0
1765634622668,Hit,Kick,0,1.0
1765634622770,Hit,Kick,0,1.0
1765634625171,Hit,Boom,0,1.0
1765634626570,Hit,Kick,0,1.0
1765634626904,Hit,Kick,0,1.0
1765634627733,Hit,Kick,0,1.0
1765634628104,Hit,Kick,0,1.0
1765634630734,Hit,Kick,0,1.0
1765634630934,Hit,Kick,0,1.0
1765634631170,Hit,Kick,0,1.0
1765634631303,Hit,Kick,0,1.0
1765634632236,Hit,Boom,0,1.0
1765634632570,Hit,Boom,0,1.0
1765634633068,Hit,Boom,0,1.0
1765634633504,Hit,Boom,0,1.0
